Rk,Player,Tm,2018-19,2019-20,2020-21,2021-22,2022-23,2023-24,Signed Using,Guaranteed
1,Stephen Curry\curryst01,GSW,"$37,457,154 ","$40,231,758 ","$43,006,362 ","$45,780,966 ",,,Bird Rights,"$166,476,240 "
2,Chris Paul\paulch01,HOU,"$35,654,150 ","$38,506,482 ","$41,358,814 ","$44,211,146 ",,,,"$159,730,592 "
3,Russell Westbrook\westbru01,OKC,"$35,654,150 ","$38,178,000 ","$41,006,000 ","$43,848,000 ","$46,662,000 ",,Bird Rights,"$158,686,150 "
4,LeBron James\jamesle01,LAL,"$35,654,150 ","$37,436,858 ","$39,219,565 ","$41,002,273 ",,,,"$113,310,573 "
5,Blake Griffin\griffbl01,DET,"$32,088,932 ","$34,234,964 ","$36,595,996 ","$38,957,028 ",,,Bird Rights,"$102,919,892 "
6,Gordon Hayward\haywago01,BOS,"$31,214,295 ","$32,700,690 ","$34,187,085 ",,,,Cap space,"$63,914,985 "
7,Kyle Lowry\lowryky01,TOR,"$31,200,000 ","$33,296,296 ",,,,,Bird Rights,"$64,496,296 "
8,Paul George\georgpa01,OKC,"$30,560,700 ","$33,005,556 ","$35,450,412 ","$37,895,268 ",,,Maximum Salary,"$99,016,668 "
9,Mike Conley\conlemi01,MEM,"$30,521,116 ","$32,511,623 ","$34,504,132 ",,,,Cap Space,"$85,459,122 "
10,James Harden\hardeja01,HOU,"$30,431,854 ","$37,800,000 ","$40,824,000 ","$43,848,000 ","$46,872,000 ",,Bird Rights,"$152,903,854 "
11,Kevin Durant\duranke01,GSW,"$30,000,000 ","$31,500,000 ",,,,,,"$30,000,000 "
12,Paul Millsap\millspa01,DEN,"$29,730,769 ","$30,500,000 ",,,,,Cap space,"$29,730,769 "
13,Al Horford\horfoal01,BOS,"$28,928,710 ","$30,123,015 ",,,,,Cap Space,"$28,928,710 "
14,Damian Lillard\lillada01,POR,"$27,977,689 ","$29,802,321 ","$31,626,953 ",,,,1st Round Pick,"$89,406,963 "
15,DeMar DeRozan\derozde01,SAS,"$27,739,975 ","$27,739,975 ","$27,739,975 ",,,,Cap Space,"$55,479,950 "
16,Chris Bosh\boshch01,MIA,"$26,837,720 ",,,,,,,"$26,837,720 "
17,Otto Porter\porteot01,CHI,"$26,011,913 ","$27,250,576 ","$28,489,239 ",,,,Bird Rights,"$53,262,489 "
18,Jrue Holiday\holidjr01,NOP,"$25,976,111 ","$26,131,111 ","$26,131,111 ","$27,020,000 ",,,Bird Rights,"$78,238,333 "
19,CJ McCollum\mccolcj01,POR,"$25,759,766 ","$27,556,959 ","$29,354,152 ",,,,1st Round Pick,"$82,670,877 "
20,Carmelo Anthony\anthoca01,ATL,"$25,534,253 ",,,,,,,"$25,534,253 "
21,Andrew Wiggins\wiggian01,MIN,"$25,467,250 ","$27,270,000 ","$29,290,000 ","$31,310,000 ","$33,330,000 ",,1st Round Pick,"$146,667,250 "
22,Joel Embiid\embiijo01,PHI,"$25,467,250 ","$27,270,000 ","$29,290,000 ","$31,310,000 ","$33,330,000 ",,1st Round Pick,"$25,467,250 "
23,Bradley Beal\bealbr01,WAS,"$25,434,263 ","$27,093,019 ","$28,751,775 ",,,,Cap Space,"$81,279,057 "
24,Anthony Davis\davisan02,NOP,"$25,434,263 ","$27,093,019 ","$28,751,775 ",,,,1st Round Pick,"$52,527,282 "
25,Andre Drummond\drumman01,DET,"$25,434,263 ","$27,093,019 ","$28,751,775 ",,,,Cap Space,"$52,527,282 "
26,Hassan Whiteside\whiteha01,MIA,"$25,434,263 ","$27,093,018 ",,,,,Cap Space,"$25,434,263 "
27,Nikola Jokic\jokicni01,DEN,"$24,605,181 ","$26,573,595 ","$28,542,009 ","$30,510,423 ","$32,478,837 ",,,"$142,710,045 "
28,Steven Adams\adamsst01,OKC,"$24,157,304 ","$25,842,697 ","$27,528,090 ",,,,1st Round Pick,"$77,528,091 "
29,Giannis Antetokounmpo\antetgi01,MIL,"$24,157,304 ","$25,842,697 ","$27,528,090 ",,,,1st Round Pick,"$77,528,091 "
30,Kevin Love\loveke01,CLE,"$24,119,025 ","$28,900,000 ","$31,300,000 ","$31,300,000 ","$28,900,000 ",,Bird Rights,"$144,519,025 "
31,Marc Gasol\gasolma01,TOR,"$24,119,025 ","$25,595,700 ",,,,,Bird Rights,"$24,119,025 "
32,Chandler Parsons\parsoch01,MEM,"$24,107,258 ","$25,102,511 ",,,,,Cap Space,"$49,209,769 "
33,Harrison Barnes\barneha02,SAC,"$24,107,258 ","$25,102,512 ",,,,,Cap Space,"$24,107,258 "
34,Nicolas Batum\batumni01,CHO,"$24,000,000 ","$25,565,217 ","$27,130,434 ",,,,Cap Space,"$49,565,217 "
35,Rudy Gobert\goberru01,UTA,"$23,241,573 ","$25,008,427 ","$26,525,281 ",,,,1st Round Pick,"$74,775,281 "
36,Kawhi Leonard\leonaka01,TOR,"$23,114,067 ","$21,329,752 ",,,,,Bird Rights,"$23,114,067 "
37,DeAndre Jordan\jordade01,NYK,"$22,900,000 ",,,,,,,"$22,900,000 "
38,LaMarcus Aldridge\aldrila01,SAS,"$22,347,015 ","$26,000,000 ","$24,000,000 ",,,,Cap Space,"$55,347,015 "
39,Serge Ibaka\ibakase01,TOR,"$21,666,667 ","$23,271,604 ",,,,,Cap space,"$44,938,271 "
40,Aaron Gordon\gordoaa01,ORL,"$21,590,909 ","$19,863,636 ","$18,136,364 ","$16,409,091 ",,,,"$76,000,000 "
41,Danilo Gallinari\gallida01,LAC,"$21,587,579 ","$22,615,559 ",,,,,Sign and Trade,"$44,203,138 "
42,Victor Oladipo\oladivi01,IND,"$21,000,000 ","$21,000,000 ","$21,000,000 ",,,,1st Round Pick,"$63,000,000 "
43,Jimmy Butler\butleji01,PHI,"$20,445,779 ","$19,841,627 ",,,,,Bird Rights,"$20,445,779 "
44,Ryan Anderson\anderry01,MIA,"$20,421,546 ","$15,600,000 ",,,,,Cap Space,"$36,021,546 "
45,Kyrie Irving\irvinky01,BOS,"$20,099,189 ","$21,329,750 ",,,,,Bird Rights,"$20,099,189 "
46,Jabari Parker\parkeja01,WAS,"$20,000,000 ","$20,000,000 ",,,,,,"$20,000,000 "
47,Zach LaVine\lavinza01,CHI,"$19,500,000 ","$19,500,000 ","$19,500,000 ","$19,500,000 ",,,,"$78,000,000 "
48,Tyler Johnson\johnsty01,PHO,"$19,245,370 ","$19,245,370 ",,,,,Cap Space,"$19,245,370 "
49,John Wall\walljo01,WAS,"$19,169,800 ","$37,800,000 ","$40,824,000 ","$43,848,000 ","$46,872,000 ",,Bird Rights,"$141,641,800 "
50,Jeff Teague\teaguje01,MIN,"$19,000,000 ","$19,000,000 ",,,,,Cap space,"$38,000,000 "
51,George Hill\hillge01,MIL,"$19,000,000 ","$18,000,000 ",,,,,Cap space,"$20,000,000 "
52,Klay Thompson\thompkl01,GSW,"$18,988,725 ",,,,,,1st Round Pick,"$18,988,725 "
53,Dwight Howard\howardw01,BRK,"$18,919,725 ",,,,,,,"$18,919,725 "
54,Wesley Matthews\matthwe02,NYK,"$18,622,514 ",,,,,,,"$18,622,514 "
55,Enes Kanter\kanteen01,NYK,"$18,622,514 ",,,,,,,"$18,622,514 "
56,Joakim Noah\noahjo01,NYK,"$18,530,000 ","$6,431,666 ","$6,431,666 ","$6,431,666 ",,,,"$37,824,998 "
57,Allen Crabbe\crabbal01,BRK,"$18,500,000 ","$18,500,000 ",,,,,Cap Space,"$18,500,000 "
58,Goran Dragic\dragigo01,MIA,"$18,109,175 ","$19,217,900 ",,,,,Bird Rights,"$18,109,175 "
59,Kent Bazemore\bazemke01,ATL,"$18,089,887 ","$19,269,662 ",,,,,Cap Space,"$18,089,887 "
60,Evan Turner\turneev01,POR,"$17,868,852 ","$18,606,557 ",,,,,Cap Space,"$36,475,409 "
61,Draymond Green\greendr01,GSW,"$17,469,565 ","$18,539,130 ",,,,,Bird Rights,"$36,008,695 "
62,Tristan Thompson\thomptr01,CLE,"$17,469,565 ","$18,539,130 ",,,,,Bird Rights,"$36,008,695 "
63,Tim Hardaway\hardati02,DAL,"$17,325,000 ","$18,150,000 ","$18,975,000 ",,,,Cap space,"$35,475,000 "
64,Reggie Jackson\jacksre01,DET,"$17,043,478 ","$18,086,956 ",,,,,Bird Rights,"$35,130,434 "
65,Evan Fournier\fournev01,ORL,"$17,000,000 ","$17,000,000 ","$17,000,000 ",,,,Cap Space,"$34,000,000 "
66,Bismack Biyombo\biyombi01,CHO,"$17,000,000 ","$17,000,000 ",,,,,Cap Space,"$34,000,000 "
67,Derrick Favors\favorde01,UTA,"$16,900,000 ","$16,900,000 ",,,,,,"$16,000,000 "
68,Jonas Valanciunas\valanjo01,MEM,"$16,539,326 ","$17,617,977 ",,,,,1st Round Pick,"$16,539,326 "
69,Gary Harris\harriga01,DEN,"$16,517,857 ","$17,839,286 ","$19,160,714 ","$20,482,143 ",,,1st Round Pick,"$74,000,000 "
70,Andre Iguodala\iguodan01,GSW,"$16,000,000 ","$17,185,185 ",,,,,Bird Rights,"$33,185,185 "
71,Timofey Mozgov\mozgoti01,ORL,"$16,000,000 ","$16,720,000 ",,,,,Cap Space,"$32,720,000 "
72,Ian Mahinmi\mahinia01,WAS,"$15,944,154 ","$15,450,051 ",,,,,Cap Space,"$31,394,205 "
73,Dennis Schroder\schrode01,OKC,"$15,500,000 ","$15,500,000 ","$15,500,000 ",,,,1st Round Pick,"$46,500,000 "
74,DeMarre Carroll\carrode01,BRK,"$15,400,000 ",,,,,,Cap Space,"$15,400,000 "
75,Clint Capela\capelca01,HOU,"$15,293,104 ","$16,456,522 ","$17,500,000 ","$18,543,478 ","$19,586,957 ",,,"$87,380,061 "
76,Gorgui Dieng\dienggo01,MIN,"$15,170,787 ","$16,229,213 ","$17,287,640 ",,,,1st Round Pick,"$48,687,640 "
77,Pau Gasol\gasolpa01,SAS,"$15,100,000 ","$5,100,000 ",,,,,,"$20,200,000 "
78,Eric Bledsoe\bledser01,MIL,"$15,000,000 ","$15,625,000 ","$16,875,000 ","$18,125,000 ","$19,375,000 ",,Bird Rights,"$85,000,000 "
79,Trevor Ariza\arizatr01,WAS,"$15,000,000 ",,,,,,Cap Space,"$15,000,000 "
80,Ricky Rubio\rubiori01,UTA,"$14,975,000 ",,,,,,1st Round Pick,"$14,975,000 "
81,Tobias Harris\harrito02,PHI,"$14,800,000 ",,,,,,Bird Rights,"$14,800,000 "
82,J.R. Smith\smithjr01,CLE,"$14,720,000 ","$15,680,000 ",,,,,Bird Rights,"$18,590,000 "
83,James Johnson\johnsja01,MIA,"$14,651,700 ","$15,349,400 ","$16,047,100 ",,,,Cap space,"$30,001,100 "
84,Brandon Knight\knighbr03,CLE,"$14,631,250 ","$15,643,750 ",,,,,,"$30,275,000 "
85,Robin Lopez\lopezro01,CHI,"$14,357,750 ",,,,,,Cap Space,"$14,357,750 "
86,Luol Deng\denglu01,LAL,"$14,354,067 ","$4,990,000 ","$4,990,000 ","$4,990,000 ",,,,"$29,324,067 "
87,Marvin Williams\willima02,CHO,"$14,087,500 ","$15,006,250 ",,,,,Cap Space,"$14,087,500 "
88,Taj Gibson\gibsota01,MIN,"$14,000,000 ",,,,,,Cap space,"$14,000,000 "
89,Jeremy Lin\linje01,ATL,"$13,768,421 ",,,,,,,"$13,768,421 "
90,Thaddeus Young\youngth01,IND,"$13,764,045 ",,,,,,Bird Rights,"$13,764,045 "
91,Kenneth Faried\farieke01,BRK,"$13,764,045 ",,,,,,,"$13,764,045 "
92,Tyson Chandler\chandty01,PHO,"$13,585,000 ",,,,,,,"$13,585,000 "
93,Marcin Gortat\gortama01,LAC,"$13,565,218 ",,,,,,,"$13,565,218 "
94,Cody Zeller\zelleco01,CHO,"$13,528,090 ","$14,471,910 ","$15,415,730 ",,,,1st Round Pick,"$43,415,730 "
95,Eric Gordon\gordoer01,HOU,"$13,500,375 ","$14,057,730 ",,,,,Cap Space,"$27,558,105 "
96,Joe Ingles\inglejo01,UTA,"$13,045,455 ","$11,954,546 ","$10,863,637 ",,,,Bird Rights,"$35,863,638 "
97,Khris Middleton\middlkh01,MIL,"$13,000,000 ","$13,000,000 ",,,,,Bird Rights,"$13,000,000 "
98,Michael Kidd-Gilchrist\kiddgmi01,CHO,"$13,000,000 ","$13,000,000 ",,,,,1st Round Pick,"$13,000,000 "
99,Mason Plumlee\plumlma01,DEN,"$12,917,808 ","$14,041,096 ",,,,,Cap space,"$26,958,904 "
100,Wilson Chandler\chandwi01,LAC,"$12,800,562 ",,,,,,,"$12,800,562 "
101,Nikola Vucevic\vucevni01,ORL,"$12,750,000 ",,,,,,Bird Rights,"$12,750,000 "
102,Jordan Clarkson\clarkjo01,CLE,"$12,500,000 ","$13,437,500 ",,,,,Cap Space,"$25,937,500 "
103,Miles Plumlee\plumlmi01,ATL,"$12,500,000 ","$12,500,000 ",,,,,Bird Rights,"$25,000,000 "
104,Nikola Mirotic\mirotni01,MIL,"$12,500,000 ",,,,,,Cap space,"$12,500,000 "
105,Tyreke Evans\evansty01,IND,"$12,400,000 ",,,,,,,"$12,400,000 "
106,Courtney Lee\leeco01,DAL,"$12,253,780 ","$12,759,670 ",,,,,Cap Space,"$25,013,450 "
107,Solomon Hill\hillso01,NOP,"$12,252,928 ","$13,258,781 ",,,,,Cap Space,"$25,511,709 "
108,J.J. Redick\redicjj01,PHI,"$12,250,000 ",,,,,,,"$12,250,000 "
109,Kelly Olynyk\olynyke01,MIA,"$12,137,527 ","$11,667,885 ","$12,198,243 ",,,,Cap space,"$23,805,412 "
110,Austin Rivers\riverau01,PHO,"$12,000,000 ",,,,,,,"$12,000,000 "
111,Avery Bradley\bradlav01,MEM,"$12,000,000 ","$12,960,000 ",,,,,,"$12,000,000 "
112,Kentavious Caldwell-Pope\caldwke01,LAL,"$12,000,000 ",,,,,,,"$12,000,000 "
113,Kemba Walker\walkeke02,CHO,"$12,000,000 ",,,,,,1st Round Pick,"$12,000,000 "
114,Will Barton\bartowi01,DEN,"$11,830,358 ","$12,960,000 ","$13,920,000 ","$14,880,000 ",,,,"$38,710,358 "
115,T.J. Warren\warretj01,PHO,"$11,750,000 ","$10,810,000 ","$11,750,000 ","$12,690,000 ",,,1st Round Pick,"$47,000,000 "
116,Zach Randolph\randoza01,DAL,"$11,692,308 ",,,,,,,"$11,692,308 "
117,Marcus Smart\smartma01,BOS,"$11,660,716 ","$12,553,471 ","$13,446,428 ","$14,339,285 ",,,,"$51,999,900 "
118,Patty Mills\millspa02,SAS,"$11,571,429 ","$12,428,571 ","$13,285,714 ",,,,Bird Rights,"$37,285,714 "
119,Dion Waiters\waitedi01,MIA,"$11,550,000 ","$12,100,000 ","$12,650,000 ",,,,Cap space,"$36,300,000 "
120,Alec Burks\burksal01,SAC,"$11,536,515 ",,,,,,1st Round Pick,"$11,536,515 "
121,John Henson\hensojo01,CLE,"$11,327,466 ","$9,732,396 ",,,,,1st Round Pick,"$21,059,862 "
122,Omer Asik\asikom01,CHI,"$11,286,516 ","$3,000,000 ",,,,,,"$14,286,516 "
123,Jusuf Nurkic\nurkiju01,POR,"$11,111,111 ","$12,000,000 ","$12,000,000 ","$12,000,000 ",,,,"$39,111,111 "
124,Iman Shumpert\shumpim01,HOU,"$11,011,234 ",,,,,,Bird Rights,"$11,011,234 "
125,Maurice Harkless\harklma01,POR,"$10,837,079 ","$11,511,234 ",,,,,Cap Space,"$22,348,313 "
126,Tony Snell\snellto01,MIL,"$10,607,143 ","$11,392,857 ","$12,178,571 ",,,,Cap space,"$22,000,000 "
127,Meyers Leonard\leoname01,POR,"$10,595,506 ","$11,286,515 ",,,,,Cap Space,"$21,882,021 "
128,Terrence Ross\rosste01,ORL,"$10,500,000 ",,,,,,Rookie scale extension,"$10,500,000 "
129,Bojan Bogdanovic\bogdabo02,IND,"$10,500,000 ",,,,,,Cap space,"$10,500,000 "
130,Robert Covington\covinro01,MIN,"$10,464,092 ","$11,301,219 ","$12,138,345 ","$12,975,471 ",,,Cap Space,"$46,879,127 "
131,Rudy Gay\gayru01,SAS,"$10,087,200 ",,,,,,Non-Bird Rights,"$10,087,200 "
132,Jon Leuer\leuerjo01,DET,"$10,002,681 ","$9,508,043 ",,,,,Cap Space,"$19,510,724 "
133,Andre Roberson\roberan03,OKC,"$10,000,000 ","$10,740,741 ",,,,,Bird Rights,"$20,740,741 "
134,Danny Green\greenda02,TOR,"$10,000,000 ",,,,,,Bird Rights,"$10,000,000 "
135,Darren Collison\collida01,IND,"$10,000,000 ",,,,,,Cap space,"$10,000,000 "
136,Dwight Powell\poweldw01,DAL,"$9,631,250 ","$10,259,375 ",,,,,Cap Space,"$9,631,250 "
137,Matthew Dellavedova\dellama01,CLE,"$9,607,500 ","$9,607,500 ",,,,,Cap Space,"$19,215,000 "
138,Dante Exum\exumda01,UTA,"$9,600,000 ","$9,600,000 ","$9,600,000 ",,,,Cap Space,"$27,300,000 "
139,Jared Dudley\dudleja01,BRK,"$9,530,000 ",,,,,,Cap Space,"$9,530,000 "
140,Norman Powell\powelno01,TOR,"$9,367,200 ","$10,116,576 ","$10,865,952 ","$11,615,328 ",,,Cap Space,"$30,349,728 "
141,Josh Richardson\richajo01,MIA,"$9,367,200 ","$10,100,000 ","$10,800,000 ","$11,600,000 ",,,Minimum Salary,"$30,267,200 "
142,Bogdan Bogdanovic\bogdabo01,SAC,"$9,000,000 ","$8,529,386 ",,,,,Cap space,"$17,529,386 "
143,Rajon Rondo\rondora01,LAL,"$9,000,000 ",,,,,,,"$9,000,000 "
144,E'Twaun Moore\mooreet01,NOP,"$8,808,685 ","$8,664,928 ",,,,,Cap Space,"$17,473,613 "
145,Kosta Koufos\koufoko01,SAC,"$8,739,500 ",,,,,,Cap Space,"$8,739,500 "
146,Jerami Grant\grantje01,OKC,"$8,653,847 ","$9,346,153 ","$9,346,153 ",,,,,"$18,000,000 "
147,Fred VanVleet\vanvlfr01,TOR,"$8,653,847 ","$9,000,000 ",,,,,Bird Rights,"$17,653,847 "
148,Kyle Anderson\anderky01,MEM,"$8,641,000 ","$9,073,050 ","$9,505,100 ","$9,937,150 ",,,MLE,"$37,156,300 "
149,Julius Randle\randlju01,NOP,"$8,641,000 ","$9,073,050 ",,,,,MLE,"$8,641,000 "
150,Markieff Morris\morrima02,NOP,"$8,600,000 ",,,,,,,"$8,600,000 "
151,Jerryd Bayless\bayleje01,MIN,"$8,575,916 ",,,,,,Cap Space,"$8,575,916 "
152,Cristiano Felicio\feliccr01,CHI,"$8,470,980 ","$8,156,500 ","$7,529,020 ",,,,Cap space,"$24,156,500 "
153,Markelle Fultz\fultzma01,ORL,"$8,339,880 ","$9,745,200 ","$12,288,697 ",,,,1st Round Pick,"$18,085,080 "
154,C.J. Miles\milescj01,MEM,"$8,333,333 ","$8,730,158 ",,,,,MLE,"$17,063,491 "
155,Joe Harris\harrijo01,BRK,"$8,333,333 ","$7,670,000 ",,,,,Early Bird Rights,"$16,003,333 "
156,Shaun Livingston\livinsh01,GSW,"$8,307,692 ","$7,692,308 ",,,,,Bird Rights,"$10,307,692 "
157,Deandre Ayton\aytonde01,PHO,"$8,165,160 ","$9,562,920 ","$10,018,200 ","$12,632,950 ",,,1st Round Pick,"$17,728,080 "
158,Lou Williams\willilo02,LAC,"$8,000,000 ","$8,000,000 ","$1,500,000 ",,,,Cap Space,"$16,000,000 "
159,Garrett Temple\templga01,LAC,"$8,000,000 ",,,,,,Cap Space,"$8,000,000 "
160,P.J. Tucker\tuckepj01,HOU,"$7,969,537 ","$8,349,039 ","$7,969,537 ",,,,MLE,"$18,887,764 "
161,Cory Joseph\josepco01,IND,"$7,945,000 ",,,,,,Cap Space,"$7,945,000 "
162,JaMychal Green\greenja01,LAC,"$7,866,667 ",,,,,,Bird Rights,"$7,866,667 "
163,Karl-Anthony Towns\townska01,MIN,"$7,839,435 ","$27,250,000 ","$29,430,000 ","$31,610,000 ","$33,790,000 ","$35,970,000 ",1st round pick,"$163,709,435 "
164,Kyle Korver\korveky01,UTA,"$7,560,000 ","$7,500,000 ",,,,,Bird Rights,"$11,000,000 "
165,Jeremy Lamb\lambje01,CHO,"$7,488,372 ",,,,,,Rookie scale extension,"$7,488,372 "
166,Darrell Arthur\arthuda01,PHO,"$7,464,912 ",,,,,,,"$7,464,912 "
167,Lonzo Ball\balllo01,LAL,"$7,461,960 ","$8,719,320 ","$11,003,782 ",,,,1st Round Pick,"$16,181,280 "
168,Doug McDermott\mcderdo01,IND,"$7,333,334 ","$7,333,334 ","$7,333,333 ",,,,,"$22,000,001 "
169,Jae Crowder\crowdja01,UTA,"$7,305,825 ","$7,815,533 ",,,,,Bird Rights,"$15,121,358 "
170,Marvin Bagley\baglema01,SAC,"$7,305,600 ","$8,556,120 ","$8,963,640 ","$11,312,114 ",,,1st Round Pick,"$15,861,720 "
171,D.J. Augustin\augusdj01,ORL,"$7,250,000 ","$7,250,000 ",,,,,Cap Space,"$14,500,000 "
172,Dewayne Dedmon\dedmode01,ATL,"$7,200,000 ",,,,,,Cap space,"$7,200,000 "
173,Lance Thomas\thomala01,NYK,"$7,119,650 ","$7,583,975 ",,,,,Cap Space,"$8,119,650 "
174,D'Angelo Russell\russeda01,BRK,"$7,019,698 ",,,,,,1st round pick,"$7,019,698 "
175,Langston Galloway\gallola01,DET,"$7,000,000 ","$7,333,333 ",,,,,MLE,"$14,333,333 "
176,Davis Bertans\bertada01,SAS,"$7,000,000 ","$7,000,000 ",,,,,Early Bird Rights,"$14,000,000 "
177,Ersan Ilyasova\ilyaser01,MIL,"$7,000,000 ","$7,000,000 ","$7,000,000 ",,,,MLE,"$14,000,000 "
178,Boban Marjanovic\marjabo01,PHI,"$7,000,000 ",,,,,,Cap Space,"$7,000,000 "
179,Al-Farouq Aminu\aminual01,POR,"$6,957,105 ",,,,,,Cap Space,"$6,957,105 "
180,Jayson Tatum\tatumja01,BOS,"$6,700,800 ","$7,830,000 ","$9,897,120 ",,,,1st Round Pick,"$14,530,800 "
181,Luka Doncic\doncilu01,DAL,"$6,560,640 ","$7,683,360 ","$8,049,360 ","$10,174,391 ",,,1st Round Pick,"$14,244,000 "
182,Nemanja Bjelica\bjeline01,SAC,"$6,500,000 ","$6,825,000 ","$7,150,000 ",,,,,"$13,325,000 "
183,Mario Hezonja\hezonma01,NYK,"$6,500,000 ",,,,,,MLE,"$6,500,000 "
184,Ben Simmons\simmobe01,PHI,"$6,434,520 ","$8,113,930 ",,,,,1st Round pick,"$14,548,450 "
185,Milos Teodosic\teodomi01,LAC,"$6,300,000 ",,,,,,,"$6,300,000 "
186,Wayne Ellington\ellinwa01,PHO,"$6,270,000 ",,,,,,,"$6,270,000 "
187,Marco Belinelli\belinma01,SAS,"$6,153,846 ","$5,846,154 ",,,,,MLE,"$12,000,000 "
188,Wesley Johnson\johnswe01,WAS,"$6,134,520 ",,,,,,,"$6,134,520 "
189,Josh Jackson\jacksjo02,PHO,"$6,041,520 ","$7,059,480 ","$8,930,242 ",,,,1st Round Pick,"$13,101,000 "
190,Montrezl Harrell\harremo01,LAC,"$6,000,000 ","$6,000,000 ",,,,,,"$12,000,000 "
191,Jonathon Simmons\simmojo02,PHI,"$6,000,000 ","$5,700,000 ",,,,,Cap space,"$7,000,000 "
192,Ish Smith\smithis01,DET,"$6,000,000 ",,,,,,Cap Space,"$6,000,000 "
193,Jaren Jackson\jacksja02,MEM,"$5,915,040 ","$6,927,480 ","$7,257,360 ","$9,180,560 ",,,1st Round Pick,"$12,842,520 "
194,Brandon Ingram\ingrabr01,LAL,"$5,757,120 ","$7,265,485 ",,,,,1st Round pick,"$13,022,605 "
195,Anthony Tolliver\tollian01,MIN,"$5,750,000 ",,,,,,MLE,"$5,750,000 "
196,Kristaps Porzingis\porzikr01,DAL,"$5,697,054 ",,,,,,1st round pick,"$5,697,054 "
197,Deron Williams\willide01,BRK,"$5,474,787 ","$5,474,787 ",,,,,,"$10,949,574 "
198,De'Aaron Fox\foxde01,SAC,"$5,470,920 ","$6,392,760 ","$8,099,627 ",,,,1st Round Pick,"$11,863,680 "
199,Ben McLemore\mclembe01,SAC,"$5,460,000 ",,,,,,,"$5,460,000 "
200,Alex Abrines\abrinal01,OKC,"$5,455,236 ",,,,,,,"$5,455,236 "
201,Patrick Patterson\pattepa01,OKC,"$5,451,600 ","$5,711,200 ",,,,,MLE,"$5,451,600 "
202,Jason Smith\smithja02,NOP,"$5,450,000 ",,,,,,,"$5,450,000 "
203,Marcus Morris\morrima03,BOS,"$5,375,000 ",,,,,,Bird Rights,"$5,375,000 "
204,Trae Young\youngtr01,ATL,"$5,356,440 ","$6,273,000 ","$6,571,800 ","$8,326,471 ",,,1st Round Pick,"$11,629,440 "
205,Dwight Howard\howardw01,WAS,"$5,337,000 ","$5,603,850 ",,,,,MLE,"$10,940,850 "
206,DeMarcus Cousins\couside01,GSW,"$5,337,000 ",,,,,,MLE,"$5,337,000 "
207,Josh Smith\smithjo03,DET,"$5,331,729 ","$5,331,729 ",,,,,,"$10,663,458 "
208,Alexis Ajinca\ajincal01,LAC,"$5,285,394 ",,,,,,,"$5,285,394 "
209,Thabo Sefolosha\sefolth01,UTA,"$5,250,000 ",,,,,,Cap space,"$5,250,000 "
210,Aron Baynes\baynear01,BOS,"$5,193,600 ","$5,453,280 ",,,,,,"$5,193,600 "
211,Jaylen Brown\brownja02,BOS,"$5,169,960 ","$6,534,829 ",,,,,1st Rd pick,"$11,704,789 "
212,Patrick Beverley\beverpa01,LAC,"$5,027,028 ",,,,,,Bird Rights,"$5,027,028 "
213,Tony Parker\parketo01,CHO,"$5,000,000 ","$5,000,000 ",,,,,MLE,"$10,000,000 "
214,Mike Muscala\muscami01,LAL,"$5,000,000 ",,,,,,Cap space,"$5,000,000 "
215,Dirk Nowitzki\nowitdi01,DAL,"$5,000,000 ",,,,,,Cap Space,"$5,000,000 "
216,Jonathan Isaac\isaacjo01,ORL,"$4,969,080 ","$5,806,440 ","$7,362,566 ",,,,1st Round Pick,"$10,775,520 "
217,Mohamed Bamba\bambamo01,ORL,"$4,865,040 ","$5,697,600 ","$5,969,040 ","$7,568,742 ",,,1st Round Pick,"$24,100,422 "
218,Willie Cauley-Stein\caulewi01,SAC,"$4,696,875 ",,,,,,1st round pick,"$4,696,875 "
219,Dragan Bender\bendedr01,PHO,"$4,661,280 ",,,,,,1st Round pick,"$4,661,280 "
220,Ron Baker\bakerro01,NYK,"$4,544,400 ",,,,,,,"$4,544,400 "
221,Lauri Markkanen\markkla01,CHI,"$4,536,120 ","$5,300,400 ","$6,731,508 ",,,,1st Round Pick,"$9,836,520 "
222,Lance Stephenson\stephla01,LAL,"$4,449,000 ",,,,,,,"$4,449,000 "
223,Kyle O'Quinn\oquinky01,IND,"$4,449,000 ",,,,,,Room Exception,"$4,449,000 "
224,Ed Davis\davised01,BRK,"$4,449,000 ",,,,,,Room Exception,"$4,449,000 "
225,Wendell Carter\cartewe01,CHI,"$4,441,200 ","$5,201,400 ","$5,448,840 ","$6,920,027 ",,,1st Round Pick,"$9,642,600 "
226,Justin Holiday\holidju01,MEM,"$4,384,616 ",,,,,,MLE,"$4,384,616 "
227,Alex Len\lenal01,ATL,"$4,350,000 ","$4,160,000 ",,,,,Room Exception,"$8,510,000 "
228,Mike Scott\scottmi01,PHI,"$4,320,500 ",,,,,,MLE,"$4,320,500 "
229,Luc Mbah a Moute\mbahalu01,LAC,"$4,320,500 ",,,,,,,"$4,320,500 "
230,Emmanuel Mudiay\mudiaem01,NYK,"$4,294,480 ",,,,,,1st round pick,"$4,294,480 "
231,Kris Dunn\dunnkr01,CHI,"$4,221,000 ","$5,348,007 ",,,,,1st Round pick,"$9,569,007 "
232,Frank Ntilikina\ntilila01,NYK,"$4,155,720 ","$4,855,800 ","$6,176,578 ",,,,1st Round Pick,"$9,011,520 "
233,Glenn Robinson\robingl02,DET,"$4,075,000 ","$4,150,000 ",,,,,MLE,"$4,075,000 "
234,Collin Sexton\sextoco01,CLE,"$4,068,600 ","$4,764,960 ","$4,991,880 ","$6,349,671 ",,,1st Round Pick,"$8,833,560 "
235,Al Jefferson\jeffeal01,IND,"$4,000,000 ",,,,,,,"$4,000,000 "
236,Stanley Johnson\johnsst04,NOP,"$3,940,402 ",,,,,,1st round pick,"$3,940,402 "
237,Buddy Hield\hieldbu01,SAC,"$3,833,760 ","$4,861,208 ",,,,,1st Round pick,"$8,694,968 "
238,Dennis Smith\smithde03,NYK,"$3,819,960 ","$4,463,640 ","$5,686,677 ",,,,1st Round Pick,"$8,283,600 "
239,Kevin Knox\knoxke01,NYK,"$3,739,920 ","$4,380,120 ","$4,588,680 ","$5,845,978 ",,,1st Round Pick,"$8,120,040 "
240,J.J. Barea\bareajo01,DAL,"$3,710,850 ",,,,,,Cap Space,"$3,710,850 "
241,Nene Hilario\hilarne01,HOU,"$3,651,480 ","$3,825,360 ",,,,,Non-Bird Rights,"$7,476,840 "
242,Zach Collins\colliza01,POR,"$3,628,920 ","$4,240,200 ","$5,406,255 ",,,,1st Round Pick,"$7,869,120 "
243,Frank Kaminsky\kaminfr01,CHO,"$3,627,842 ",,,,,,1st round pick,"$3,627,842 "
244,Mikal Bridges\bridgmi01,PHO,"$3,552,960 ","$4,161,000 ","$4,359,000 ","$5,557,725 ",,,1st Round Pick,"$7,713,960 "
245,Mirza Teletovic\teletmi01,MIL,"$3,500,000 ","$3,500,000 ","$3,500,000 ",,,,,"$10,500,000 "
246,Michael Beasley\beaslmi01,LAC,"$3,500,000 ",,,,,,,"$3,500,000 "
247,Jamal Murray\murraja01,DEN,"$3,499,800 ","$4,444,746 ",,,,,1st Round pick,"$7,944,546 "
248,Rodney Hood\hoodro01,POR,"$3,472,887 ",,,,,,,"$3,472,887 "
249,Jodie Meeks\meeksjo01,MIL,"$3,454,500 ",,,,,,,"$3,454,500 "
250,Justise Winslow\winslju01,MIA,"$3,448,926 ","$13,000,000 ","$13,000,000 ","$13,000,000 ",,,1st round pick,"$29,448,926 "
251,Malik Monk\monkma01,CHO,"$3,447,480 ","$4,028,400 ","$5,345,687 ",,,,1st Round Pick,"$7,475,880 "
252,Myles Turner\turnemy01,IND,"$3,410,284 ","$18,000,000 ","$18,000,000 ","$18,000,000 ","$18,000,000 ",,1st round pick,"$75,410,284 "
253,Allonzo Trier\trieral01,NYK,"$3,382,000 ","$3,551,100 ",,,,,Bi-Annual Exception,"$3,382,000 "
254,Brook Lopez\lopezbr01,MIL,"$3,382,000 ",,,,,,Bi-annual Exception,"$3,382,000 "
255,Shai Gilgeous-Alexander\gilgesh01,LAC,"$3,375,360 ","$3,952,920 ","$4,141,320 ","$5,495,532 ",,,1st Round Pick,"$7,328,280 "
256,Trey Lyles\lylestr01,DEN,"$3,364,249 ",,,,,,1st round pick,"$3,364,249 "
257,Ekpe Udoh\udohek01,UTA,"$3,360,000 ",,,,,,Room Exception,"$3,360,000 "
258,Devin Booker\bookede01,PHO,"$3,314,365 ","$27,250,000 ","$29,430,000 ","$31,610,000 ","$33,790,000 ","$35,970,000 ",1st round pick,"$161,364,365 "
259,Luke Kennard\kennalu01,DET,"$3,275,280 ","$3,827,160 ","$5,273,826 ",,,,1st Round Pick,"$7,102,440 "
260,Cameron Payne\payneca01,CHI,"$3,263,295 ",,,,,,,"$3,263,295 "
261,Troy Daniels\danietr01,PHO,"$3,258,539 ",,,,,,Cap Space,"$3,258,539 "
262,Kelly Oubre\oubreke01,PHO,"$3,208,630 ",,,,,,1st round pick,"$3,208,630 "
263,Miles Bridges\bridgmi02,CHO,"$3,206,640 ","$3,755,400 ","$3,934,320 ","$5,421,493 ",,,1st Round Pick,"$6,962,040 "
264,Marquese Chriss\chrisma01,CLE,"$3,206,160 ",,,,,,1st Rd pick,"$3,206,160 "
265,Tomas Satoransky\satorto01,WAS,"$3,129,187 ",,,,,,Cap Space,"$3,129,187 "
266,Bryn Forbes\forbebr01,SAS,"$3,125,000 ","$2,875,000 ",,,,,Early Bird Rights,"$6,000,000 "
267,Donovan Mitchell\mitchdo01,UTA,"$3,111,480 ","$3,635,760 ","$5,195,501 ",,,,1st Round Pick,"$6,747,240 "
268,Terry Rozier\roziete01,BOS,"$3,050,390 ",,,,,,1st round pick,"$3,050,390 "
269,Jerome Robinson\robinje01,LAC,"$3,046,200 ","$3,567,720 ","$3,737,520 ","$5,340,916 ",,,1st Round Pick,"$6,613,920 "
270,Yogi Ferrell\ferreyo01,SAC,"$3,000,000 ","$3,150,000 ",,,,,Cap Space,"$3,000,000 "
271,Elfrid Payton\paytoel01,NOP,"$3,000,000 ",,,,,,Bi-annual Exception,"$3,000,000 "
272,Bam Adebayo\adebaba01,MIA,"$2,955,840 ","$3,454,080 ","$5,115,492 ",,,,1st Round Pick,"$6,409,920 "
273,Jakob Poeltl\poeltja01,SAS,"$2,947,320 ","$3,754,886 ",,,,,1st Round pick,"$6,702,206 "
274,Michael Porter\portemi01,DEN,"$2,894,160 ","$3,389,400 ","$3,550,800 ","$5,258,735 ",,,1st Round Pick,"$6,283,560 "
275,Andrew Nicholson\nichoan01,POR,"$2,844,429 ","$2,844,429 ","$2,844,429 ","$2,844,429 ","$2,844,429 ","$2,844,429 ",,"$17,066,574 "
276,Justin Jackson\jacksju01,DAL,"$2,807,880 ","$3,280,920 ","$5,029,650 ",,,,1st Round Pick,"$6,088,800 "
277,Thon Maker\makerth01,DET,"$2,799,720 ","$3,569,643 ",,,,,1st Round pick,"$6,369,363 "
278,Seth Curry\curryse01,POR,"$2,795,000 ",,,,,,MLE,"$2,795,000 "
279,Cedi Osman\osmande01,CLE,"$2,775,000 ","$2,907,143 ",,,,,MLE,"$5,682,143 "
280,Sam Dekker\dekkesa01,WAS,"$2,760,095 ",,,,,,1st Round pick,"$2,760,095 "
281,Troy Brown\browntr01,WAS,"$2,749,080 ","$3,219,480 ","$3,372,840 ","$5,170,564 ",,,1st Round Pick,"$5,968,560 "
282,Guerschon Yabusele\yabusgu01,BOS,"$2,667,600 ","$3,117,240 ","$4,781,846 ",,,,1st Round Pick,"$5,784,840 "
283,Justin Patton\pattoju01,PHI,"$2,667,600 ",,,,,,,"$2,667,600 "
284,Domantas Sabonis\sabondo01,IND,"$2,659,800 ","$3,529,555 ",,,,,1st Round pick,"$6,189,355 "
285,Jerian Grant\grantje02,ORL,"$2,639,314 ",,,,,,1st Round pick,"$2,639,314 "
286,Zhaire Smith\smithzh01,PHI,"$2,611,800 ","$3,058,800 ","$3,204,600 ","$4,915,856 ",,,1st Round Pick,"$5,670,600 "
287,Delon Wright\wrighde01,MEM,"$2,536,898 ",,,,,,1st Round pick,"$2,536,898 "
288,D.J. Wilson\wilsodj01,MIL,"$2,534,280 ","$2,961,120 ","$4,548,280 ",,,,1st Round Pick,"$5,495,400 "
289,Dario Saric\saricda01,MIN,"$2,526,840 ","$3,481,986 ",,,,,1st Round pick,"$6,008,826 "
290,Taurean Waller-Prince\princta02,ATL,"$2,526,840 ","$3,481,986 ",,,,,1st Round pick,"$6,008,826 "
291,Justin Anderson\anderju01,ATL,"$2,516,048 ",,,,,,1st Round pick,"$2,516,048 "
292,Manu Ginobili\ginobma01,SAS,"$2,500,000 ",,,,,,,"$2,500,000 "
293,Dante Cunningham\cunnida01,SAS,"$2,500,000 ",,,,,,Bi-annual Exception,"$2,500,000 "
294,Reggie Bullock\bullore01,LAL,"$2,500,000 ",,,,,,Cap space,"$2,500,000 "
295,Bobby Portis\portibo01,WAS,"$2,494,346 ",,,,,,1st Round pick,"$2,494,346 "
296,Donte DiVincenzo\divindo01,MIL,"$2,481,000 ","$2,905,800 ","$3,044,160 ","$4,675,830 ",,,1st Round Pick,"$5,386,800 "
297,Rondae Hollis-Jefferson\holliro01,BRK,"$2,470,357 ",,,,,,1st Round pick,"$2,470,357 "
298,Tyus Jones\jonesty01,MIN,"$2,444,053 ",,,,,,1st Round pick,"$2,444,053 "
299,Jarell Martin\martija01,ORL,"$2,416,222 ",,,,,,1st Round pick,"$2,416,222 "
300,T.J. Leaf\leaftj01,IND,"$2,407,560 ","$2,813,280 ","$4,326,825 ",,,,1st Round Pick,"$5,220,840 "
301,Jeff Green\greenje02,WAS,"$2,393,887 ",,,,,,Minimum Salary,"$2,393,887 "
302,Amir Johnson\johnsam01,PHI,"$2,393,887 ",,,,,,Minimum Salary,"$2,393,887 "
303,Raymond Felton\feltora01,OKC,"$2,393,887 ",,,,,,Minimum Salary,"$2,393,887 "
304,Luol Deng\denglu01,MIN,"$2,393,887 ",,,,,,,"$2,393,887 "
305,Udonis Haslem\hasleud01,MIA,"$2,393,887 ",,,,,,Minimum Salary,"$2,393,887 "
306,Dwyane Wade\wadedw01,MIA,"$2,393,887 ",,,,,,Minimum Salary,"$2,393,887 "
307,JaVale McGee\mcgeeja01,LAL,"$2,393,887 ",,,,,,Minimum Salary,"$2,393,887 "
308,Gerald Green\greenge01,HOU,"$2,393,887 ",,,,,,Minimum Salary,"$2,393,887 "
309,Andrew Bogut\bogutan01,GSW,"$2,393,887 ",,,,,,Minimum Salary,"$2,393,887 "
310,Jose Calderon\caldejo01,DET,"$2,393,887 ",,,,,,Minimum Salary,"$2,393,887 "
311,Zaza Pachulia\pachuza01,DET,"$2,393,887 ",,,,,,Minimum Salary,"$2,393,887 "
312,Devin Harris\harride01,DAL,"$2,393,887 ",,,,,,Minimum Salary,"$2,393,887 "
313,Channing Frye\fryech01,CLE,"$2,393,887 ",,,,,,Minimum Salary,"$2,393,887 "
314,Carmelo Anthony\anthoca01,CHI,"$2,393,887 ",,,,,,,"$2,393,887 "
315,Vince Carter\cartevi01,ATL,"$2,393,887 ",,,,,,Minimum Salary,"$2,393,887 "
316,Jamal Crawford\crawfja01,PHO,"$2,393,887 ",,,,,,,
317,Tyson Chandler\chandty01,LAL,"$2,393,887 ",,,,,,,
318,Wayne Ellington\ellinwa01,DET,"$2,383,076 ",,,,,,,"$2,383,076 "
319,Lonnie Walker\walkelo01,SAS,"$2,357,160 ","$2,760,480 ","$2,892,000 ","$4,447,896 ",,,1st Round Pick,"$5,117,640 "
320,Jamal Crawford\crawfja01,ATL,"$2,304,226 ",,,,,,,"$2,304,226 "
321,John Collins\collijo01,ATL,"$2,299,080 ","$2,686,560 ","$4,137,302 ",,,,1st Round Pick,"$4,985,640 "
322,Denzel Valentine\valende01,CHI,"$2,280,600 ","$3,377,569 ",,,,,1st Round pick,"$5,658,169 "
323,Larry Nance\nancela02,CLE,"$2,272,391 ","$12,727,273 ","$11,709,091 ","$10,690,909 ","$9,672,727 ",,1st Round pick,"$47,072,391 "
324,Kevin Huerter\huertke01,ATL,"$2,250,960 ","$2,636,280 ","$2,761,920 ","$4,253,357 ",,,1st Round Pick,"$4,887,240 "
325,Monta Ellis\ellismo01,IND,"$2,245,400 ","$2,245,400 ","$2,245,400 ","$2,245,400 ",,,,"$8,981,600 "
326,Harry Giles\gilesha01,SAC,"$2,207,040 ","$2,578,800 ","$3,976,510 ",,,,1st Round Pick,"$4,785,840 "
327,Darius Miller\milleda01,NOP,"$2,205,000 ",,,,,,MLE,"$2,205,000 "
328,Derrick Rose\rosede01,MIN,"$2,176,260 ",,,,,,Minimum Salary,"$2,176,260 "
329,Omri Casspi\casspom01,MEM,"$2,176,260 ",,,,,,,"$2,176,260 "
330,Juan Hernangomez\hernaju01,DEN,"$2,166,360 ","$3,321,030 ",,,,,1st Round pick,"$5,487,390 "
331,Quincy Pondexter\pondequ01,SAS,"$2,165,481 ",,,,,,,"$2,165,481 "
332,Jonas Jerebko\jerebjo01,GSW,"$2,165,481 ",,,,,,Minimum Salary,"$2,165,481 "
333,Greg Monroe\monrogr01,BRK,"$2,165,481 ",,,,,,,"$2,165,481 "
334,Josh Okogie\okogijo01,MIN,"$2,160,720 ","$2,530,680 ","$2,651,040 ","$4,087,904 ",,,1st Round Pick,"$4,691,400 "
335,Raul Neto\netora01,UTA,"$2,150,000 ","$2,150,000 ",,,,,,"$2,150,000 "
336,Matt Barnes\barnema02,SAC,"$2,133,542 ","$2,133,541 ",,,,,,"$4,267,083 "
337,Terrance Ferguson\fergute01,OKC,"$2,118,840 ","$2,475,840 ","$3,944,013 ",,,,1st Round Pick,"$4,594,680 "
338,Grayson Allen\allengr01,UTA,"$2,074,320 ","$2,429,400 ","$2,545,320 ","$4,054,695 ",,,1st Round Pick,"$4,503,720 "
339,Jarrett Allen\allenja01,BRK,"$2,034,120 ","$2,376,840 ","$3,909,902 ",,,,1st Round Pick,"$4,410,960 "
340,Isaiah Thomas\thomais02,DEN,"$2,029,463 ",,,,,,Minimum Salary,"$2,029,463 "
341,Shelvin Mack\macksh01,CHO,"$2,029,463 ",,,,,,Minimum Salary,"$2,029,463 "
342,Spencer Hawes\hawessp01,MIL,"$2,007,058 ","$2,007,058 ",,,,,,"$4,014,116 "
343,Georgios Papagiannis\papagge01,SAC,"$2,000,400 ",,,,,,,"$2,000,400 "
344,Torrey Craig\craigto01,DEN,"$2,000,000 ","$2,100,000 ",,,,,MLE,"$4,100,000 "
345,Corey Brewer\breweco01,SAC,"$2,000,000 ",,,,,,,"$2,270,496 "
346,Chandler Hutchison\hutchch01,CHI,"$1,991,520 ","$2,332,320 ","$2,443,440 ","$4,019,459 ",,,1st Round Pick,"$4,323,840 "
347,OG Anunoby\anunoog01,TOR,"$1,952,760 ","$2,281,800 ","$3,872,215 ",,,,1st Round Pick,"$4,234,560 "
348,Ante Zizic\zizican01,CLE,"$1,952,760 ","$2,281,800 ","$3,872,215 ",,,,1st Round Pick,"$4,234,560 "
349,Shabazz Napier\napiesh01,BRK,"$1,942,422 ","$1,845,301 ",,,,,Cap Space,"$1,942,422 "
350,Anderson Varejao\varejan01,POR,"$1,913,345 ","$1,913,345 ","$1,913,345 ",,,,,"$5,740,035 "
351,Aaron Holiday\holidaa01,IND,"$1,911,960 ","$2,239,200 ","$2,345,640 ","$3,980,551 ",,,1st Round Pick,"$4,151,160 "
352,Tim Duncan\duncati01,SAS,"$1,881,250 ",,,,,,,"$1,881,250 "
353,Tyler Lydon\lydonty01,DEN,"$1,874,640 ",,,,,,1st Round Pick,"$1,874,640 "
354,Larry Sanders\sandela01,MIL,"$1,865,547 ","$1,865,547 ","$1,865,547 ","$1,865,547 ",,,,"$7,462,188 "
355,Henry Ellenson\ellenhe01,DET,"$1,857,480 ",,,,,,,"$1,857,480 "
356,Anfernee Simons\simonan01,POR,"$1,835,520 ","$2,149,560 ","$2,252,040 ","$3,938,818 ",,,1st Round Pick,"$3,985,080 "
357,Trey Burke\burketr01,DAL,"$1,795,015 ",,,,,,Minimum Salary,"$1,795,015 "
358,Malik Beasley\beaslma01,DEN,"$1,773,840 ","$2,731,714 ",,,,,1st Round pick,"$4,505,554 "
359,Moritz Wagner\wagnemo01,LAL,"$1,762,080 ","$2,063,520 ","$3,893,618 ","$2,161,920 ",,,1st Round Pick,"$3,825,600 "
360,Nerlens Noel\noelne01,OKC,"$1,757,429 ","$1,988,119 ",,,,,Minimum Salary,"$1,757,429 "
361,Ian Clark\clarkia01,NOP,"$1,757,429 ",,,,,,Minimum Salary,"$1,757,429 "
362,Caleb Swanigan\swanica01,SAC,"$1,740,000 ","$2,033,160 ","$3,665,787 ",,,,1st Round Pick,"$3,773,160 "
363,Furkan Korkmaz\korkmfu01,PHI,"$1,740,000 ",,,,,,1st Round Pick,"$1,740,000 "
364,Joakim Noah\noahjo01,MEM,"$1,731,173 ",,,,,,,
365,Landry Shamet\shamela01,LAC,"$1,703,640 ","$1,995,120 ","$2,090,040 ","$3,768,342 ",,,1st Round Pick,"$3,698,760 "
366,Caris LeVert\leverca01,BRK,"$1,702,800 ","$2,625,718 ",,,,,1st Round pick,"$4,328,518 "
367,Jonah Bolden\boldejo01,PHI,"$1,690,000 ","$1,698,450 ","$1,766,550 ","$1,845,000 ",,,,"$3,388,450 "
368,Kyle Kuzma\kuzmaky01,LAL,"$1,689,840 ","$1,974,600 ","$3,562,178 ",,,,1st Round Pick,"$3,664,440 "
369,Tony Bradley\bradlto01,UTA,"$1,679,520 ","$1,962,360 ","$3,542,060 ",,,,1st Round Pick,"$3,641,880 "
370,Derrick White\whitede01,SAS,"$1,667,160 ","$1,948,080 ","$3,516,284 ",,,,1st Round Pick,"$3,615,240 "
371,Spencer Dinwiddie\dinwisp01,BRK,"$1,656,092 ","$10,600,000 ","$11,400,000 ","$12,300,000 ",,,Minimum Salary,"$23,656,092 "
372,MarShon Brooks\brookma01,CHI,"$1,656,092 ",,,,,,,"$1,656,092 "
373,Josh Hart\hartjo01,LAL,"$1,655,160 ","$1,934,160 ","$3,491,159 ",,,,1st Round Pick,"$3,589,320 "
374,Robert Williams\williro04,BOS,"$1,654,440 ","$1,937,520 ","$2,029,920 ","$3,661,976 ",,,1st Round Pick,"$3,591,960 "
375,Jacob Evans\evansja02,GSW,"$1,644,240 ","$1,925,880 ","$2,017,320 ","$3,641,263 ",,,1st Round Pick,"$3,570,120 "
376,Pat Connaughton\connapa01,MIL,"$1,641,000 ","$1,719,000 ",,,,,,"$1,641,000 "
377,DeAndre' Bembry\bembrde01,ATL,"$1,634,640 ","$2,603,982 ",,,,,1st Round pick,"$4,238,622 "
378,Dzanan Musa\musadz01,BRK,"$1,632,240 ","$1,911,600 ","$2,002,800 ","$3,615,054 ",,,1st Round Pick,"$3,543,840 "
379,James Ennis\ennisja01,PHI,"$1,621,415 ","$1,845,301 ",,,,,,"$1,621,415 "
380,Noah Vonleh\vonleno01,NYK,"$1,621,415 ",,,,,,Minimum Salary,"$1,621,415 "
381,Tim Frazier\fraziti01,NOP,"$1,621,415 ",,,,,,,"$1,621,415 "
382,Nik Stauskas\stausni01,IND,"$1,621,415 ",,,,,,,"$1,621,415 "
383,Omari Spellman\spellom01,ATL,"$1,620,480 ","$1,897,800 ","$1,988,280 ","$3,588,845 ",,,1st Round Pick,"$3,518,280 "
384,Luke Kornet\kornelu01,NYK,"$1,619,000 ",,,,,,,"$1,619,000 "
385,Rodions Kurucs\kurucro01,BRK,"$1,618,320 ","$1,699,236 ","$1,780,152 ","$1,861,068 ",,,,"$5,097,708 "
386,Richaun Holmes\holmeri01,PHO,"$1,600,520 ",,,,,,Cap Space,"$1,600,520 "
387,T.J. McConnell\mccontj01,PHI,"$1,600,520 ",,,,,,Minimum Salary,"$1,600,520 "
388,Malachi Richardson\richama01,PHI,"$1,569,360 ",,,,,,,"$1,569,360 "
389,Jahlil Okafor\okafoja01,NOP,"$1,567,007 ","$1,702,486 ",,,,,Minimum Salary,"$1,567,007 "
390,Kevon Looney\looneke01,GSW,"$1,567,007 ",,,,,,,"$1,567,007 "
391,Salah Mejri\mejrisa01,DAL,"$1,567,007 ",,,,,,,"$1,567,007 "
392,Pascal Siakam\siakapa01,TOR,"$1,544,951 ","$2,351,839 ",,,,,1st Round pick,"$3,896,790 "
393,Skal Labissiere\labissk01,POR,"$1,544,951 ","$2,338,847 ",,,,,1st Round pick,"$3,883,798 "
394,Dejounte Murray\murrade01,SAS,"$1,544,951 ","$2,321,735 ",,,,,1st Round pick,"$3,866,686 "
395,Damian Jones\jonesda03,GSW,"$1,544,951 ","$2,305,057 ",,,,,1st Round pick,"$3,850,008 "
396,Deyonta Davis\davisde01,SAC,"$1,544,951 ",,,,,,,"$1,544,951 "
397,Jake Layman\laymaja01,POR,"$1,544,951 ",,,,,,Cap Space,"$1,544,951 "
398,Cheick Diallo\diallch01,NOP,"$1,544,951 ",,,,,,Minimum Salary,"$1,544,951 "
399,Malcolm Brogdon\brogdma01,MIL,"$1,544,951 ",,,,,,Cap Space,"$1,544,951 "
400,Ivica Zubac\zubaciv01,LAC,"$1,544,951 ",,,,,,Cap Space,"$1,544,951 "
401,Rodney McGruder\mcgruro01,LAC,"$1,544,951 ",,,,,,Minimum Salary,"$1,544,951 "
402,Wade Baldwin\baldwwa01,IND,"$1,544,951 ",,,,,,,"$1,544,951 "
403,Quinn Cook\cookqu01,GSW,"$1,544,951 ",,,,,,,"$1,544,951 "
404,Chinanu Onuaku\onuakch01,DAL,"$1,544,951 ",,,,,,,"$1,544,951 "
405,Dorian Finney-Smith\finnedo01,DAL,"$1,544,951 ",,,,,,Minimum Salary,"$1,544,951 "
406,Willy Hernangomez\hernawi01,CHO,"$1,544,951 ","$1,701,735 ",,,,,Cap Space,"$1,544,951 "
407,Timothe Luwawu-Cabarrot\luwawti01,CHI,"$1,544,951 ",,,,,,1st Round pick,"$1,544,951 "
408,Wayne Selden\seldewa01,CHI,"$1,544,951 ",,,,,,,"$1,544,951 "
409,Georges Niang\niangge01,UTA,"$1,512,601 ","$1,645,357 ","$1,783,557 ",,,,,"$1,512,601 "
410,Christian Wood\woodch01,NOP,"$1,512,601 ","$1,645,357 ",,,,,Minimum Salary,"$1,512,601 "
411,Derrick Jones\jonesde02,MIA,"$1,512,601 ","$1,645,357 ",,,,,Minimum Salary,"$1,512,601 "
412,David Nwaba\nwabada01,CLE,"$1,512,601 ",,,,,,Minimum Salary,"$1,512,601 "
413,Treveon Graham\grahatr01,BRK,"$1,512,601 ","$1,645,357 ",,,,,Minimum Salary,"$1,512,601 "
414,Sviatoslav Mykhailiuk\mykhasv01,DET,"$1,487,694 ","$1,416,852 ","$1,663,861 ",,,,Cap Space,"$1,487,694 "
415,Mitchell Robinson\robinmi01,NYK,"$1,485,440 ","$1,559,712 ","$1,663,861 ","$1,802,057 ",,,MLE,"$3,045,152 "
416,Jordan Bell\belljo01,GSW,"$1,378,252 ",,,,,,Minimum Salary,"$1,378,252 "
417,Frank Jackson\jacksfr01,NOP,"$1,378,242 ","$1,618,520 ",,,,,MLE,"$1,884,242 "
418,Thomas Bryant\bryanth01,WAS,"$1,378,242 ",,,,,,Minimum Salary,"$1,378,242 "
419,Royce O'Neale\onealro01,UTA,"$1,378,242 ","$1,618,520 ",,,,,Cap space,"$1,378,242 "
420,Frank Mason\masonfr01,SAC,"$1,378,242 ","$1,618,520 ",,,,,,"$1,378,242 "
421,Davon Reed\reedda01,PHO,"$1,378,242 ",,,,,,,"$1,378,242 "
422,Wesley Iwundu\iwundwe01,ORL,"$1,378,242 ","$1,618,520 ",,,,,,"$1,378,242 "
423,Khem Birch\birchkh01,ORL,"$1,378,242 ",,,,,,Minimum Salary,"$1,378,242 "
424,Abdel Nader\naderab01,OKC,"$1,378,242 ","$1,618,520 ","$1,752,950 ",,,,,"$1,378,242 "
425,Damyean Dotson\dotsoda01,NYK,"$1,378,242 ","$1,618,520 ",,,,,Minimum Salary,"$1,378,242 "
426,Sterling Brown\brownst02,MIL,"$1,378,242 ","$1,618,520 ",,,,,MLE,"$1,378,242 "
427,Rade Zagorac\zagorra01,MEM,"$1,378,242 ",,,,,,,"$1,378,242 "
428,Dillon Brooks\brookdi01,MEM,"$1,378,242 ","$1,618,520 ",,,,,MLE,"$1,378,242 "
429,Tyler Dorsey\dorsety01,MEM,"$1,378,242 ",,,,,,Minimum Salary,"$1,378,242 "
430,Ivan Rabb\rabbiv01,MEM,"$1,378,242 ","$1,618,520 ",,,,,MLE,"$1,378,242 "
431,Jawun Evans\evansja01,LAC,"$1,378,242 ",,,,,,,"$1,378,242 "
432,Sindarius Thornwell\thornsi01,LAC,"$1,378,242 ","$1,618,520 ",,,,,MLE,"$1,378,242 "
433,Ike Anigbogu\anigbik01,IND,"$1,378,242 ",,,,,,,"$1,378,242 "
434,Maxi Kleber\klebima01,DAL,"$1,378,242 ",,,,,,Minimum Salary,"$1,378,242 "
435,Dwayne Bacon\bacondw01,CHO,"$1,378,242 ","$1,618,520 ",,,,,MLE,"$1,378,242 "
436,Semi Ojeleye\ojelese01,BOS,"$1,378,242 ","$1,618,520 ","$1,752,950 ",,,,,"$1,378,242 "
437,Daniel Theis\theisda01,BOS,"$1,378,242 ",,,,,,Minimum Salary,"$1,378,242 "
438,Kevin Martin\martike02,MIN,"$1,360,304 ",,,,,,,"$1,360,304 "
439,Monte Morris\morrimo01,DEN,"$1,349,383 ","$1,588,231 ","$1,663,861 ",,,,Minimum Salary,"$2,937,614 "
440,Antonio Blakeney\blakean01,CHI,"$1,349,383 ","$1,588,231 ",,,,,Minimum Salary,"$2,937,614 "
441,Tyrone Wallace\wallaty01,LAC,"$1,349,383 ","$1,588,231 ",,,,,Minimum Salary,"$1,349,383 "
442,Alfonzo McKinnie\mckinal01,GSW,"$1,349,383 ","$1,588,231 ",,,,,Minimum Salary,"$1,349,383 "
443,Ryan Arcidiacono\arcidry01,CHI,"$1,349,383 ",,,,,,Minimum Salary,"$1,349,383 "
444,Jabari Bird\birdja01,ATL,"$1,349,383 ",,,,,,,"$1,349,383 "
445,Daniel Hamilton\hamilda02,ATL,"$1,349,383 ",,,,,,,"$1,349,383 "
446,Shaquille Harrison\harrish01,CHI,"$1,311,265 ",,,,,,,"$1,311,265 "
447,Elie Okobo\okoboel01,PHO,"$1,238,464 ","$1,416,852 ","$1,663,861 ","$1,802,057 ",,,,"$2,655,316 "
448,Jalen Brunson\brunsja01,DAL,"$1,230,000 ","$1,416,582 ","$1,663,861 ","$1,802,057 ",,,Cap Space,"$4,310,443 "
449,Michael Carter-Williams\cartemi01,CHI,"$1,200,000 ",,,,,,,"$1,200,000 "
450,Austin Rivers\riverau01,HOU,"$1,155,323 ",,,,,,,"$1,155,323 "
451,Melvin Frazier\frazime01,ORL,"$1,050,000 ","$1,416,852 ","$1,663,861 ",,,,MLE,"$2,466,852 "
452,Isaac Bonga\bongais01,LAL,"$1,000,000 ","$1,663,861 ","$1,416,852 ",,,,,"$2,663,861 "
453,Justin Hamilton\hamilju01,TOR,"$1,000,000 ","$1,000,000 ",,,,,,"$2,000,000 "
454,Shelvin Mack\macksh01,ORL,"$1,000,000 ",,,,,,,"$1,000,000 "
455,Kyle Singler\singlky01,OKC,"$999,200 ","$999,200 ","$999,200 ","$999,200 ","$999,200 ",,,"$4,996,000 "
456,Devonte' Graham\grahade01,CHO,"$988,464 ","$1,416,852 ","$1,663,861 ",,,,MLE,"$2,405,316 "
457,Isaiah Taylor\taylois01,CLE,"$950,000 ",,,,,,,"$950,000 "
458,De'Anthony Melton\meltode01,PHO,"$949,000 ","$1,416,852 ",,,,,,"$2,365,852 "
459,Jason Thompson\thompja02,GSW,"$945,126 ",,,,,,,"$945,126 "
460,Kenneth Faried\farieke01,HOU,"$917,272 ",,,,,,,"$917,272 "
461,Chasson Randle\randlch01,WAS,"$869,094 ",,,,,,Minimum Salary,"$869,094 "
462,Gary Trent\trentga02,POR,"$838,464 ","$1,416,852 ","$1,663,861 ",,,,MLE,"$3,919,177 "
463,Hamidou Diallo\diallha01,OKC,"$838,464 ","$1,416,852 ","$1,663,861 ",,,,MLE,"$2,255,316 "
464,Keita Bates-Diop\bateske01,MIN,"$838,464 ","$1,416,852 ","$1,663,861 ",,,,MLE,"$2,255,316 "
465,Jevon Carter\carteje01,MEM,"$838,464 ","$1,416,852 ",,,,,MInimum Salary,"$2,255,316 "
466,Bruce Brown\brownbr01,DET,"$838,464 ","$1,416,852 ","$1,663,861 ",,,,MLE,"$2,255,316 "
467,Jarred Vanderbilt\vandeja01,DEN,"$838,464 ","$1,663,861 ","$1,416,852 ",,,,MLE,"$2,255,316 "
468,Khyri Thomas\thomakh01,DET,"$838,464 ","$838,464 ","$1,663,861 ",,,,MLE,"$1,676,928 "
469,Chimezie Metu\metuch01,SAS,"$838,464 ",,,,,,MLE,"$838,464 "
470,Isaiah Briscoe\briscis01,ORL,"$838,464 ",,,,,,,"$838,464 "
471,Kenrich Williams\willike04,NOP,"$838,464 ","$1,416,852 ",,,,,Minimum Salary,"$838,464 "
472,Alize Johnson\johnsal02,IND,"$838,464 ","$1,416,852 ",,,,,Minimum Salary,"$838,464 "
473,Isaiah Hartenstein\harteis01,HOU,"$838,464 ","$1,416,852 ","$1,663,861 ",,,,MLE,"$838,464 "
474,Ray Spalding\spaldra01,DAL,"$838,464 ",,,,,,,"$838,464 "
475,Ryan Broekhoff\broekry01,DAL,"$838,464 ","$1,443,842 ",,,,,,"$838,464 "
476,Brad Wanamaker\wanambr01,BOS,"$838,464 ",,,,,,Minimum Salary,"$838,464 "
477,Martell Webster\webstma02,WAS,"$833,333 ",,,,,,,"$833,333 "
478,Lorenzo Brown\brownlo01,TOR,"$800,000 ",,,,,,,"$800,000 "
479,Patrick McCaw\mccawpa01,TOR,"$786,000 ",,,,,,,"$786,000 "
480,Wesley Matthews\matthwe02,IND,"$737,715 ",,,,,,,"$737,715 "
481,Jeremy Lin\linje01,TOR,"$697,000 ",,,,,,,"$697,000 "
482,Cole Aldrich\aldrico01,MIN,"$685,341 ","$685,340 ","$685,340 ",,,,,"$2,056,021 "
483,James Nunnally\nunnaja01,MIN,"$655,632 ",,,,,,,"$655,632 "
484,Enes Kanter\kanteen01,POR,"$653,556 ",,,,,,,"$653,556 "
485,Carlos Delfino\delfica01,LAC,"$650,000 ",,,,,,,"$650,000 "
486,Markieff Morris\morrima02,OKC,"$573,295 ",,,,,,Cap Space,"$573,295 "
487,Nik Stauskas\stausni01,CLE,"$540,472 ",,,,,,,"$540,472 "
488,Pau Gasol\gasolpa01,MIL,"$527,467 ",,,,,,,"$527,467 "
489,Caron Butler\butleca01,SAC,"$517,219 ",,,,,,,"$517,219 "
490,Zhou Qi\qizh01,HOU,"$506,134 ",,,,,,,"$506,134 "
491,Bruno Caboclo\cabocbr01,MEM,"$487,000 ","$1,845,301 ",,,,,,"$670,211 "
492,Dakari Johnson\johnsda04,MEM,"$459,414 ","$459,414 ","$459,414 ",,,,,"$1,378,242 "
493,Chris Boucher\bouchch01,TOR,"$457,418 ","$1,588,231 ",,,,,,"$457,418 "
494,Malcolm Miller\millema01,TOR,"$457,418 ","$1,588,231 ",,,,,,"$457,418 "
495,Isaiah Canaan\canaais01,PHO,"$456,733 ",,,,,,,"$456,733 "
496,Edmond Sumner\sumneed01,IND,"$449,794 ","$1,588,231 ",,,,,Two-Way Contract,"$449,794 "
497,A.J. Hammons\hammoaj01,MIA,"$350,088 ","$350,087 ","$350,087 ",,,,,"$1,050,262 "
498,Henry Ellenson\ellenhe01,NYK,"$341,831 ","$1,645,357 ",,,,,,"$427,289 "
499,Festus Ezeli\ezelife01,POR,"$333,333 ","$333,333 ",,,,,,"$666,666 "
500,C.J. Watson\watsocj01,ORL,"$333,333 ","$333,333 ",,,,,,"$666,666 "
501,Patrick McCaw\mccawpa01,CLE,"$323,529 ",,,,,,,"$323,529 "
502,Nick Young\youngni01,DEN,"$311,070 ",,,,,,,"$311,070 "
503,Corey Brewer\breweco01,SAC,"$270,496 ",,,,,,,"$2,270,496 "
504,Corey Brewer\breweco01,PHI,"$270,496 ",,,,,,,"$270,496 "
505,Okaro White\whiteok01,WAS,"$264,919 ",,,,,,,"$264,919 "
506,Miroslav Raduljica\radulmi01,LAC,"$252,043 ",,,,,,,"$252,043 "
507,Eric Moreland\moreler01,PHO,"$239,035 ",,,,,,,"$239,035 "
508,Jaylen Adams\adamsja01,ATL,"$236,854 ","$1,416,852 ",,,,,,"$236,854 "
509,Quincy Acy\acyqu01,PHO,"$213,949 ",,,,,,,"$213,949 "
510,Tim Frazier\fraziti01,MIL,"$205,098 ",,,,,,,"$205,098 "
511,Andrew Harrison\harrian01,MEM,"$200,000 ",,,,,,,"$200,000 "
512,Jimmer Fredette\fredeji01,PHO,"$198,580 ","$1,416,852 ",,,,,,"$198,580 "
513,Michael Carter-Williams\cartemi01,ORL,"$198,580 ",,,,,,,"$198,580 "
514,Isaiah Canaan\canaais01,MIN,"$198,580 ",,,,,,,"$198,580 "
515,Terrence Jones\joneste01,HOU,"$198,580 ",,,,,,,"$198,580 "
516,Jodie Meeks\meeksjo01,TOR,"$196,724 ",,,,,,,"$319,677 "
517,Dairis Bertans\bertada02,NOP,"$194,220 ","$1,416,852 ",,,,,,"$194,220 "
518,Ray Spalding\spaldra01,PHO,"$184,746 ","$1,416,852 ",,,,,,"$232,117 "
519,Bruno Caboclo\cabocbr01,MEM,"$183,211 ",,,,,,,"$670,211 "
520,Cameron Payne\payneca01,CLE,"$177,063 ",,,,,,,"$177,063 "
521,Deyonta Davis\davisde01,ATL,"$170,916 ",,,,,,,"$170,916 "
522,Ron Baker\bakerro01,WAS,"$170,915 ",,,,,,,"$170,915 "
523,Jamaal Franklin\frankja01,MEM,"$163,296 ",,,,,,,"$163,296 "
524,Ben Moore\moorebe01,IND,"$160,096 ",,,,,,,"$160,096 "
525,Jodie Meeks\meeksjo01,TOR,"$122,953 ",,,,,,,"$319,677 "
526,Troy Williams\willitr02,HOU,"$122,741 ","$122,741 ","$122,741 ","$122,741 ","$122,741 ",,,"$613,705 "
527,Greg Monroe\monrogr01,BOS,"$122,344 ",,,,,,,"$122,344 "
528,Cameron Reynolds\reynoca01,MIN,"$108,953 ",,,,,,,"$203,695 "
529,Tyler Zeller\zellety01,ATL,"$106,974 ",,,,,,,"$106,974 "
530,John Jenkins\jenkijo01,NYK,"$99,290 ",,,,,,,"$198,580 "
531,John Jenkins\jenkijo01,NYK,"$99,290 ",,,,,,,"$198,580 "
532,John Jenkins\jenkijo01,WAS,"$99,290 ",,,,,,,"$99,290 "
533,Isaiah Canaan\canaais01,MIL,"$99,290 ",,,,,,,"$99,290 "
534,Cameron Reynolds\reynoca01,MIN,"$94,742 ",,,,,,,"$203,695 "
535,Justin Bibbs\bibbsju01,LAC,"$94,742 ",,,,,,,"$94,742 "
536,Mitch Creek\creekmi01,BRK,"$94,742 ",,,,,,,"$94,742 "
537,B.J. Johnson\johnsbj01,ATL,"$94,742 ",,,,,,,"$94,742 "
538,Demetrius Jackson\jacksde01,BOS,"$92,857 ","$92,857 ","$92,857 ","$92,857 ","$92,857 ","$92,857 ",,"$557,142 "
539,Chris Chiozza\chiozch01,HOU,"$90,005 ",,,,,,,"$137,376 "
540,Eric Moreland\moreler01,TOR,"$88,531 ",,,,,,,"$88,531 "
541,JaKarr Sampson\sampsja02,CHI,"$88,531 ",,,,,,,"$88,531 "
542,Henry Ellenson\ellenhe01,NYK,"$85,458 ",,,,,,,"$427,289 "
543,Gary Payton\paytoga02,WAS,"$85,458 ",,,,,,,"$85,458 "
544,Scotty Hopson\hopsosc01,OKC,"$85,458 ",,,,,,,"$85,458 "
545,Charles Cooke\cookech01,MIA,"$76,236 ",,,,,,,"$76,236 "
546,Andre Ingram\ingraan01,LAL,"$76,236 ",,,,,,,"$76,236 "
547,Kobi Simmons\simmoko01,CLE,"$76,236 ",,,,,,,"$76,236 "
548,Donatas Motiejunas\motiedo01,SAS,"$59,820 ",,,,,,,"$59,820 "
549,Shaquille Harrison\harrish01,PHO,"$50,000 ",,,,,,,"$50,000 "
550,Garlon Green\greenga02,NOP,"$50,000 ",,,,,,,"$50,000 "
551,Ray Spalding\spaldra01,PHO,"$47,371 ",,,,,,,"$232,117 "
552,Chris Chiozza\chiozch01,HOU,"$47,371 ",,,,,,,"$137,376 "
553,Cody Demps\dempsco01,SAC,"$47,371 ",,,,,,,"$47,371 "
554,B.J. Johnson\johnsbj01,SAC,"$47,371 ",,,,,,,"$47,371 "
555,Emanuel Terry\terryem01,PHO,"$47,371 ",,,,,,,"$47,371 "
556,Richard Solomon\solomri01,OKC,"$47,371 ",,,,,,,"$47,371 "
557,Mitch Creek\creekmi01,MIN,"$47,371 ",,,,,,,"$47,371 "
558,Emanuel Terry\terryem01,MIA,"$47,371 ",,,,,,,"$47,371 "
559,Dusty Hannahs\hannadu01,MEM,"$47,371 ",,,,,,,"$47,371 "
560,Scott Machado\machasc01,LAL,"$47,371 ",,,,,,,"$47,371 "
561,Stephan Hicks\hicksst01,IND,"$47,371 ",,,,,,,"$47,371 "
562,Tahjere McCall\mccalta01,BRK,"$47,371 ",,,,,,,"$47,371 "
563,Jordan Sibert\siberjo01,ATL,"$47,371 ",,,,,,,"$47,371 "
564,Isaac Humphries\humphis01,ATL,"$47,371 ",,,,,,,"$47,371 "
565,Emanuel Terry\terryem01,DEN,"$35,000 ",,,,,,,"$35,000 "
566,Troy Williams\willitr02,NOP,"$34,183 ",,,,,,,"$34,183 "
567,Terry Larrier\larrite01,DAL,"$6,000 ",,,,,,,"$6,000 "
568,Ding Yanyuhang\yanyudi01,DAL,"$4,737 ",,,,,,,"$4,737 "